Season,rainfall,air_temperature,relative_humidity,wind_speed
April - June,0.0,27.910353535353536,86.72777777777777,2.330833333333333
January - March,0.001092896174863388,27.13409090909091,81.43444444444445,4.568888888888889
July - September,0.0,27.970970695970692,78.28211233211233,2.646851851851852
October - December,0.0,27.033809523809524,83.87087301587302,2.2307359307359307
