Season,rainfall,Temperature,Humidity
Apr-Jun,0.0,27.910353535353536,86.72777777777777
Jan-Mar,0.001092896174863388,27.13409090909091,81.43444444444445
Jul-Sep,0.0,27.970970695970692,78.28211233211233
Oct-Dec,0.0,27.033809523809524,83.87087301587302
